State,District,Year,Season,Crop,Area,Production
Maharashtra,Ahmednagar,2012,Kharif,Maize,45000.0,91900.0
Maharashtra,Ahmednagar,2012,Kharif,Rice,7500.0,4600.0
Maharashtra,Ahmednagar,2012,Kharif,Urad,6100.0,1100.0
Maharashtra,Ahmednagar,2012,Rabi,Maize,14700.0,24800.0
Maharashtra,Ahmednagar,2012,Rabi,Wheat,38900.0,46100.0
Maharashtra,Ahmednagar,2012,Kharif,Maize,200.0,200.0
Maharashtra,Ahmednagar,2012,Whole year,Sugarcane,115500.0,8235700.0
Maharashtra,Ahmednagar,2013,Kharif,Maize,61000.0,296900.0
Maharashtra,Ahmednagar,2013,Kharif,Rice,7900.0,19000.0
Maharashtra,Ahmednagar,2013,Kharif,Urad,6100.0,3000.0
Maharashtra,Ahmednagar,2013,Rabi,Maize,20900.0,59300.0
Maharashtra,Ahmednagar,2013,Rabi,Wheat,51900.0,100700.0
Maharashtra,Ahmednagar,2013,Kharif,Maize,1000.0,1500.0
Maharashtra,Ahmednagar,2013,Whole year,Sugarcane,110800.0,9643600.0
Maharashtra,Ahmednagar,2014,Kharif,Maize,68100.0,176100.0
Maharashtra,Ahmednagar,2014,Kharif,Rice,8600.0,2200.0
Maharashtra,Ahmednagar,2014,Rabi,Maize,29400.0,57600.0
Maharashtra,Ahmednagar,2014,Rabi,Wheat,57200.0,85000.0
Maharashtra,Ahmednagar,2014,Kharif,Maize,200.0,400.0
Maharashtra,Ahmednagar,2014,Whole year,Sugarcane,122000.0,11761000.0
Maharashtra,Beed,2012,Kharif,Maize,4600.0,3600.0
Maharashtra,Beed,2012,Kharif,Rice,600.0,300.0
Maharashtra,Beed,2012,Kharif,Urad,10300.0,2100.0
Maharashtra,Beed,2012,Rabi,Maize,5800.0,3800.0
Maharashtra,Beed,2012,Rabi,Wheat,27700.0,27000.0
Maharashtra,Beed,2012,Kharif,Maize,200.0,200.0
Maharashtra,Beed,2012,Whole year,Sugarcane,51400.0,2817000.0
Maharashtra,Beed,2013,Kharif,Maize,5200.0,6900.0
Maharashtra,Beed,2013,Kharif,Rice,500.0,300.0
Maharashtra,Beed,2013,Kharif,Urad,13700.0,8400.0
Maharashtra,Beed,2013,Rabi,Maize,9200.0,11500.0
Maharashtra,Beed,2013,Rabi,Wheat,57800.0,57100.0
Maharashtra,Beed,2013,Kharif,Maize,800.0,800.0
Maharashtra,Beed,2013,Whole year,Sugarcane,46000.0,2567300.0
Maharashtra,Beed,2014,Kharif,Maize,6200.0,4700.0
Maharashtra,Beed,2014,Kharif,Rice,400.0,100.0
Maharashtra,Beed,2014,Rabi,Maize,8500.0,5900.0
Maharashtra,Beed,2014,Rabi,Wheat,59100.0,40000.0
Maharashtra,Beed,2014,Kharif,Maize,1300.0,600.0
Maharashtra,Beed,2014,Whole year,Sugarcane,37600.0,1723500.0
Maharashtra,Dhule,2012,Kharif,Maize,61800.0,159700.0
Maharashtra,Dhule,2012,Kharif,Rice,7700.0,7400.0
Maharashtra,Dhule,2012,Kharif,Urad,5300.0,2600.0
Maharashtra,Dhule,2012,Rabi,Maize,2500.0,7700.0
Maharashtra,Dhule,2012,Rabi,Wheat,37500.0,82400.0
Maharashtra,Dhule,2012,Kharif,Maize,800.0,900.0
Maharashtra,Dhule,2012,Whole year,Sugarcane,5300.0,434100.0
Maharashtra,Dhule,2013,Kharif,Maize,82100.0,265100.0
Maharashtra,Dhule,2013,Kharif,Rice,7700.0,9700.0
Maharashtra,Dhule,2013,Kharif,Urad,6000.0,3400.0
Maharashtra,Dhule,2013,Rabi,Maize,2900.0,5900.0
Maharashtra,Dhule,2013,Rabi,Wheat,47200.0,77500.0
Maharashtra,Dhule,2013,Kharif,Maize,900.0,1000.0
Maharashtra,Dhule,2013,Whole year,Sugarcane,6500.0,536900.0
Maharashtra,Dhule,2014,Kharif,Maize,89600.0,178200.0
Maharashtra,Dhule,2014,Kharif,Rice,100.0,0.0
Maharashtra,Dhule,2014,Rabi,Maize,10400.0,37400.0
Maharashtra,Dhule,2014,Rabi,Wheat,36000.0,65700.0
Maharashtra,Dhule,2014,Kharif,Maize,600.0,600.0
Maharashtra,Dhule,2014,Whole year,Sugarcane,7000.0,438400.0
Maharashtra,Gondia,2012,Kharif,Rice,177500.0,334600.0
Maharashtra,Gondia,2012,Kharif,Urad,100.0,100.0
Maharashtra,Gondia,2012,Rabi,Wheat,1900.0,1800.0
Maharashtra,Gondia,2012,Kharif,Rice,8900.0,21300.0
Maharashtra,Gondia,2012,Whole year,Sugarcane,200.0,16600.0
Maharashtra,Gondia,2013,Kharif,Maize,100.0,300.0
Maharashtra,Gondia,2013,Kharif,Rice,188100.0,292500.0
Maharashtra,Gondia,2013,Kharif,Urad,100.0,0.0
Maharashtra,Gondia,2013,Rabi,Wheat,1700.0,1100.0
Maharashtra,Gondia,2013,Kharif,Rice,13400.0,32820.0
Maharashtra,Gondia,2013,Whole year,Sugarcane,300.0,21500.0
Maharashtra,Gondia,2014,Kharif,Rice,174700.0,340600.0
Maharashtra,Gondia,2014,Rabi,Maize,400.0,100.0
Maharashtra,Gondia,2014,Rabi,Wheat,2400.0,1500.0
Maharashtra,Gondia,2014,Kharif,Maize,200.0,200.0
Maharashtra,Gondia,2014,Kharif,Rice,12900.0,36100.0
Maharashtra,Gondia,2014,Whole year,Sugarcane,1500.0,97000.0
Maharashtra,Kolhapur,2012,Kharif,Maize,1700.0,2700.0
Maharashtra,Kolhapur,2012,Kharif,Rice,107800.0,282200.0
Maharashtra,Kolhapur,2012,Kharif,Urad,1400.0,300.0
Maharashtra,Kolhapur,2012,Rabi,Maize,3800.0,7700.0
Maharashtra,Kolhapur,2012,Rabi,Wheat,9100.0,20000.0
Maharashtra,Kolhapur,2012,Kharif,Rice,700.0,1800.0
Maharashtra,Kolhapur,2012,Whole year,Sugarcane,142000.0,13739100.0
Maharashtra,Kolhapur,2013,Kharif,Maize,2200.0,5000.0
Maharashtra,Kolhapur,2013,Kharif,Rice,108800.0,339600.0
Maharashtra,Kolhapur,2013,Kharif,Urad,600.0,300.0
Maharashtra,Kolhapur,2013,Rabi,Maize,4300.0,11600.0
Maharashtra,Kolhapur,2013,Rabi,Wheat,16600.0,41700.0
Maharashtra,Kolhapur,2013,Kharif,Maize,100.0,200.0
Maharashtra,Kolhapur,2013,Kharif,Rice,800.0,2200.0
Maharashtra,Kolhapur,2013,Whole year,Sugarcane,135200.0,13580200.0
Maharashtra,Kolhapur,2014,Kharif,Maize,2900.0,9800.0
Maharashtra,Kolhapur,2014,Kharif,Rice,110900.0,335200.0
Maharashtra,Kolhapur,2014,Rabi,Maize,6500.0,19400.0
Maharashtra,Kolhapur,2014,Rabi,Wheat,6800.0,15100.0
Maharashtra,Kolhapur,2014,Kharif,Maize,100.0,300.0
Maharashtra,Kolhapur,2014,Kharif,Rice,900.0,3400.0
Maharashtra,Kolhapur,2014,Whole year,Sugarcane,146300.0,15031600.0
Maharashtra,Nagpur,2012,Kharif,Maize,400.0,900.0
Maharashtra,Nagpur,2012,Kharif,Rice,67000.0,100200.0
Maharashtra,Nagpur,2012,Kharif,Urad,1800.0,800.0
Maharashtra,Nagpur,2012,Rabi,Wheat,80200.0,124800.0
Maharashtra,Nagpur,2012,Kharif,Maize,100.0,100.0
Maharashtra,Nagpur,2012,Kharif,Rice,100.0,200.0
Maharashtra,Nagpur,2012,Whole year,Sugarcane,300.0,22100.0
Maharashtra,Nagpur,2013,Kharif,Maize,200.0,600.0
Maharashtra,Nagpur,2013,Kharif,Rice,77700.0,105000.0
Maharashtra,Nagpur,2013,Kharif,Urad,1800.0,700.0
Maharashtra,Nagpur,2013,Rabi,Wheat,86200.0,83100.0
Maharashtra,Nagpur,2013,Kharif,Maize,300.0,300.0
Maharashtra,Nagpur,2013,Kharif,Rice,100.0,200.0
Maharashtra,Nagpur,2013,Whole year,Sugarcane,300.0,20000.0
Maharashtra,Nagpur,2014,Kharif,Maize,200.0,400.0
Maharashtra,Nagpur,2014,Kharif,Rice,78800.0,95500.0
Maharashtra,Nagpur,2014,Rabi,Wheat,88500.0,110600.0
Maharashtra,Nagpur,2014,Kharif,Maize,400.0,400.0
Maharashtra,Nagpur,2014,Whole year,Sugarcane,3800.0,258500.0
Maharashtra,Nanded,2012,Kharif,Maize,500.0,500.0
Maharashtra,Nanded,2012,Kharif,Rice,4000.0,2100.0
Maharashtra,Nanded,2012,Kharif,Urad,48900.0,39400.0
Maharashtra,Nanded,2012,Rabi,Maize,300.0,700.0
Maharashtra,Nanded,2012,Rabi,Wheat,30400.0,43500.0
Maharashtra,Nanded,2012,Whole year,Sugarcane,12800.0,1047900.0
Maharashtra,Nanded,2013,Kharif,Maize,400.0,500.0
Maharashtra,Nanded,2013,Kharif,Rice,800.0,400.0
Maharashtra,Nanded,2013,Kharif,Urad,49600.0,32700.0
Maharashtra,Nanded,2013,Rabi,Maize,100.0,100.0
Maharashtra,Nanded,2013,Rabi,Wheat,38900.0,43800.0
Maharashtra,Nanded,2013,Kharif,Maize,2200.0,2100.0
Maharashtra,Nanded,2013,Whole year,Sugarcane,12200.0,1020700.0
Maharashtra,Nanded,2014,Kharif,Maize,700.0,300.0
Maharashtra,Nanded,2014,Kharif,Rice,800.0,100.0
Maharashtra,Nanded,2014,Rabi,Maize,200.0,100.0
Maharashtra,Nanded,2014,Rabi,Wheat,39500.0,29200.0
Maharashtra,Nanded,2014,Kharif,Maize,3000.0,3500.0
Maharashtra,Nanded,2014,Whole year,Sugarcane,18800.0,1113200.0
Maharashtra,Nandurbar,2012,Kharif,Maize,32000.0,84700.0
Maharashtra,Nandurbar,2012,Kharif,Rice,19500.0,28400.0
Maharashtra,Nandurbar,2012,Kharif,Urad,15000.0,14500.0
Maharashtra,Nandurbar,2012,Rabi,Maize,1600.0,4400.0
Maharashtra,Nandurbar,2012,Rabi,Wheat,24000.0,50900.0
Maharashtra,Nandurbar,2012,Whole year,Sugarcane,10800.0,794000.0
Maharashtra,Nandurbar,2013,Kharif,Maize,27800.0,46400.0
Maharashtra,Nandurbar,2013,Kharif,Rice,22500.0,20300.0
Maharashtra,Nandurbar,2013,Kharif,Urad,13400.0,5000.0
Maharashtra,Nandurbar,2013,Rabi,Maize,2700.0,6100.0
Maharashtra,Nandurbar,2013,Rabi,Wheat,21500.0,45800.0
Maharashtra,Nandurbar,2013,Kharif,Maize,700.0,900.0
Maharashtra,Nandurbar,2013,Whole year,Sugarcane,10800.0,832600.0
Maharashtra,Nandurbar,2014,Kharif,Maize,28900.0,45300.0
Maharashtra,Nandurbar,2014,Kharif,Rice,18200.0,9000.0
Maharashtra,Nandurbar,2014,Rabi,Maize,2500.0,9400.0
Maharashtra,Nandurbar,2014,Rabi,Wheat,21900.0,39100.0
Maharashtra,Nandurbar,2014,Kharif,Maize,2400.0,3200.0
Maharashtra,Nandurbar,2014,Whole year,Sugarcane,8000.0,633800.0
Maharashtra,Nashik,2012,Kharif,Maize,168100.0,496100.0
Maharashtra,Nashik,2012,Kharif,Rice,67900.0,80800.0
Maharashtra,Nashik,2012,Kharif,Urad,16000.0,15700.0
Maharashtra,Nashik,2012,Rabi,Maize,900.0,1700.0
Maharashtra,Nashik,2012,Rabi,Wheat,32400.0,53200.0
Maharashtra,Nashik,2012,Kharif,Maize,100.0,100.0
Maharashtra,Nashik,2012,Whole year,Sugarcane,24600.0,1863900.0
Maharashtra,Nashik,2013,Kharif,Maize,144200.0,556700.0
Maharashtra,Nashik,2013,Kharif,Rice,72600.0,93300.0
Maharashtra,Nashik,2013,Kharif,Urad,16800.0,17500.0
Maharashtra,Nashik,2013,Rabi,Maize,1700.0,5800.0
Maharashtra,Nashik,2013,Rabi,Wheat,65900.0,111900.0
Maharashtra,Nashik,2013,Kharif,Maize,300.0,400.0
Maharashtra,Nashik,2013,Whole year,Sugarcane,21000.0,1786500.0
Maharashtra,Nashik,2014,Kharif,Maize,116900.0,309000.0
Maharashtra,Nashik,2014,Kharif,Rice,71200.0,86700.0
Maharashtra,Nashik,2014,Rabi,Maize,2900.0,13700.0
Maharashtra,Nashik,2014,Rabi,Wheat,72400.0,111200.0
Maharashtra,Nashik,2014,Kharif,Maize,200.0,200.0
Maharashtra,Nashik,2014,Whole year,Sugarcane,16800.0,1384200.0
Maharashtra,Osmanabad,2012,Kharif,Maize,18400.0,10800.0
Maharashtra,Osmanabad,2012,Kharif,Rice,11500.0,2800.0
Maharashtra,Osmanabad,2012,Kharif,Urad,38200.0,11000.0
Maharashtra,Osmanabad,2012,Rabi,Maize,2300.0,1700.0
Maharashtra,Osmanabad,2012,Rabi,Wheat,24200.0,11300.0
Maharashtra,Osmanabad,2012,Kharif,Maize,700.0,600.0
Maharashtra,Osmanabad,2012,Whole year,Sugarcane,52200.0,2233500.0
Maharashtra,Osmanabad,2013,Kharif,Maize,21200.0,23000.0
Maharashtra,Osmanabad,2013,Kharif,Rice,13100.0,6400.0
Maharashtra,Osmanabad,2013,Kharif,Urad,38100.0,25200.0
Maharashtra,Osmanabad,2013,Rabi,Maize,2500.0,6600.0
Maharashtra,Osmanabad,2013,Rabi,Wheat,26700.0,41200.0
Maharashtra,Osmanabad,2013,Kharif,Maize,1300.0,1000.0
Maharashtra,Osmanabad,2013,Whole year,Sugarcane,68900.0,3175200.0
Maharashtra,Osmanabad,2014,Kharif,Maize,21200.0,8000.0
Maharashtra,Osmanabad,2014,Kharif,Rice,13100.0,2500.0
Maharashtra,Osmanabad,2014,Rabi,Maize,2700.0,1600.0
Maharashtra,Osmanabad,2014,Rabi,Wheat,24100.0,7100.0
Maharashtra,Osmanabad,2014,Kharif,Maize,1300.0,800.0
Maharashtra,Osmanabad,2014,Whole year,Sugarcane,39800.0,1592200.0
Maharashtra,Parbhani,2012,Kharif,Maize,1900.0,1800.0
Maharashtra,Parbhani,2012,Kharif,Rice,1400.0,100.0
Maharashtra,Parbhani,2012,Kharif,Urad,13000.0,6600.0
Maharashtra,Parbhani,2012,Rabi,Maize,400.0,200.0
Maharashtra,Parbhani,2012,Rabi,Wheat,13600.0,21400.0
Maharashtra,Parbhani,2012,Kharif,Maize,1800.0,1800.0
Maharashtra,Parbhani,2012,Whole year,Sugarcane,17000.0,1212400.0
Maharashtra,Parbhani,2013,Kharif,Maize,1900.0,2600.0
Maharashtra,Parbhani,2013,Kharif,Rice,700.0,300.0
Maharashtra,Parbhani,2013,Kharif,Urad,13100.0,5400.0
Maharashtra,Parbhani,2013,Rabi,Maize,200.0,500.0
Maharashtra,Parbhani,2013,Rabi,Wheat,20900.0,23300.0
Maharashtra,Parbhani,2013,Kharif,Maize,800.0,800.0
Maharashtra,Parbhani,2013,Whole year,Sugarcane,35900.0,2549700.0
Maharashtra,Parbhani,2014,Kharif,Maize,1500.0,600.0
Maharashtra,Parbhani,2014,Kharif,Rice,300.0,0.0
Maharashtra,Parbhani,2014,Rabi,Wheat,22300.0,18800.0
Maharashtra,Parbhani,2014,Kharif,Maize,400.0,300.0
Maharashtra,Parbhani,2014,Whole year,Sugarcane,26600.0,1577200.0
Maharashtra,Pune,2012,Kharif,Maize,9500.0,23300.0
Maharashtra,Pune,2012,Kharif,Rice,77600.0,106200.0
Maharashtra,Pune,2012,Kharif,Urad,2400.0,1500.0
Maharashtra,Pune,2012,Rabi,Maize,15200.0,41900.0
Maharashtra,Pune,2012,Rabi,Wheat,53000.0,93800.0
Maharashtra,Pune,2012,Kharif,Maize,500.0,900.0
Maharashtra,Pune,2012,Whole year,Sugarcane,137700.0,13888400.0
Maharashtra,Pune,2013,Kharif,Maize,11800.0,33000.0
Maharashtra,Pune,2013,Kharif,Rice,82100.0,153200.0
Maharashtra,Pune,2013,Kharif,Urad,2400.0,2200.0
Maharashtra,Pune,2013,Rabi,Maize,19000.0,57000.0
Maharashtra,Pune,2013,Rabi,Wheat,64300.0,129900.0
Maharashtra,Pune,2013,Kharif,Maize,1100.0,1900.0
Maharashtra,Pune,2013,Whole year,Sugarcane,143900.0,16963500.0
Maharashtra,Pune,2014,Kharif,Maize,13300.0,54500.0
Maharashtra,Pune,2014,Kharif,Rice,82100.0,136100.0
Maharashtra,Pune,2014,Rabi,Maize,21600.0,77300.0
Maharashtra,Pune,2014,Rabi,Wheat,71800.0,108300.0
Maharashtra,Pune,2014,Kharif,Maize,1100.0,1600.0
Maharashtra,Pune,2014,Whole year,Sugarcane,127800.0,13833900.0
Maharashtra,Sangli,2012,Kharif,Maize,17900.0,32400.0
Maharashtra,Sangli,2012,Kharif,Rice,17500.0,33700.0
Maharashtra,Sangli,2012,Kharif,Urad,5500.0,1000.0
Maharashtra,Sangli,2012,Rabi,Maize,17000.0,32800.0
Maharashtra,Sangli,2012,Rabi,Wheat,20100.0,36500.0
Maharashtra,Sangli,2012,Whole year,Sugarcane,60700.0,7066100.0
Maharashtra,Sangli,2013,Kharif,Maize,26600.0,57800.0
Maharashtra,Sangli,2013,Kharif,Rice,14500.0,25500.0
Maharashtra,Sangli,2013,Kharif,Urad,7300.0,3900.0
Maharashtra,Sangli,2013,Rabi,Maize,18500.0,52300.0
Maharashtra,Sangli,2013,Rabi,Wheat,26200.0,51500.0
Maharashtra,Sangli,2013,Kharif,Maize,2800.0,4400.0
Maharashtra,Sangli,2013,Whole year,Sugarcane,62600.0,7466700.0
Maharashtra,Sangli,2014,Kharif,Maize,37100.0,146400.0
Maharashtra,Sangli,2014,Kharif,Rice,15500.0,31400.0
Maharashtra,Sangli,2014,Rabi,Maize,24300.0,94100.0
Maharashtra,Sangli,2014,Rabi,Wheat,32500.0,70900.0
Maharashtra,Sangli,2014,Kharif,Maize,2400.0,3700.0
Maharashtra,Sangli,2014,Whole year,Sugarcane,74500.0,8107100.0
Maharashtra,Satara,2012,Kharif,Maize,10900.0,12600.0
Maharashtra,Satara,2012,Kharif,Rice,51000.0,70000.0
Maharashtra,Satara,2012,Kharif,Urad,3200.0,1700.0
Maharashtra,Satara,2012,Rabi,Maize,6000.0,14100.0
Maharashtra,Satara,2012,Rabi,Wheat,35000.0,58500.0
Maharashtra,Satara,2012,Kharif,Maize,2600.0,4200.0
Maharashtra,Satara,2012,Whole year,Sugarcane,59800.0,5577700.0
Maharashtra,Satara,2013,Kharif,Maize,13200.0,32200.0
Maharashtra,Satara,2013,Kharif,Rice,50400.0,75600.0
Maharashtra,Satara,2013,Kharif,Urad,3300.0,1800.0
Maharashtra,Satara,2013,Rabi,Maize,11700.0,34100.0
Maharashtra,Satara,2013,Rabi,Wheat,33800.0,62200.0
Maharashtra,Satara,2013,Kharif,Maize,500.0,800.0
Maharashtra,Satara,2013,Whole year,Sugarcane,59800.0,6015200.0
Maharashtra,Satara,2014,Kharif,Maize,16400.0,31400.0
Maharashtra,Satara,2014,Kharif,Rice,52900.0,94700.0
Maharashtra,Satara,2014,Rabi,Maize,11700.0,24800.0
Maharashtra,Satara,2014,Rabi,Wheat,38300.0,61400.0
Maharashtra,Satara,2014,Kharif,Maize,2700.0,4300.0
Maharashtra,Satara,2014,Whole year,Sugarcane,70000.0,6927400.0
Maharashtra,Solapur,2012,Kharif,Maize,11100.0,10800.0
Maharashtra,Solapur,2012,Kharif,Rice,400.0,100.0
Maharashtra,Solapur,2012,Kharif,Urad,3800.0,2200.0
Maharashtra,Solapur,2012,Rabi,Maize,21100.0,39900.0
Maharashtra,Solapur,2012,Rabi,Wheat,28800.0,21800.0
Maharashtra,Solapur,2012,Kharif,Maize,1100.0,1800.0
Maharashtra,Solapur,2012,Whole year,Sugarcane,144200.0,9716600.0
Maharashtra,Solapur,2013,Kharif,Maize,11100.0,19300.0
Maharashtra,Solapur,2013,Kharif,Rice,400.0,100.0
Maharashtra,Solapur,2013,Kharif,Urad,3800.0,2900.0
Maharashtra,Solapur,2013,Rabi,Maize,31200.0,75300.0
Maharashtra,Solapur,2013,Rabi,Wheat,35700.0,35800.0
Maharashtra,Solapur,2013,Kharif,Maize,2000.0,3300.0
Maharashtra,Solapur,2013,Whole year,Sugarcane,122600.0,10488200.0
Maharashtra,Solapur,2014,Kharif,Maize,12700.0,24000.0
Maharashtra,Solapur,2014,Kharif,Rice,400.0,100.0
Maharashtra,Solapur,2014,Rabi,Maize,36100.0,105800.0
Maharashtra,Solapur,2014,Rabi,Wheat,42200.0,54600.0
Maharashtra,Solapur,2014,Kharif,Maize,2200.0,3400.0
Maharashtra,Solapur,2014,Whole year,Sugarcane,205500.0,20049700.0
Tamil Nadu,Ariyalur,2012,Kharif,Maize,14743.0,35469.0
Tamil Nadu,Ariyalur,2012,Kharif,Rice,17523.0,36392.0
Tamil Nadu,Ariyalur,2012,Kharif,Urad,1703.0,924.0
Tamil Nadu,Ariyalur,2012,Whole year,Sugarcane,7804.0,707584.0
Tamil Nadu,Ariyalur,2013,Kharif,Maize,17153.0,91257.0
Tamil Nadu,Ariyalur,2013,Kharif,Rice,24437.0,131658.0
Tamil Nadu,Ariyalur,2013,Kharif,Urad,1951.0,1639.0
Tamil Nadu,Ariyalur,2013,Rabi,Maize,615.0,3076.0
Tamil Nadu,Ariyalur,2013,Rabi,Urad,1485.0,1267.0
Tamil Nadu,Ariyalur,2013,Whole year,Sugarcane,9875.0,1112304.0
Tamil Nadu,Coimbatore,2012,Kharif,Maize,4601.0,16919.0
Tamil Nadu,Coimbatore,2012,Kharif,Rice,2156.0,7890.0
Tamil Nadu,Coimbatore,2012,Kharif,Urad,987.0,526.0
Tamil Nadu,Coimbatore,2012,Whole year,Sugarcane,1404.0,147841.0
Tamil Nadu,Coimbatore,2013,Kharif,Maize,3082.0,20147.0
Tamil Nadu,Coimbatore,2013,Kharif,Rice,2158.0,10139.0
Tamil Nadu,Coimbatore,2013,Kharif,Urad,646.0,543.0
Tamil Nadu,Coimbatore,2013,Rabi,Maize,2361.0,15650.0
Tamil Nadu,Coimbatore,2013,Rabi,Urad,153.0,131.0
Tamil Nadu,Coimbatore,2013,Whole year,Sugarcane,1170.0,121181.0
Tamil Nadu,Cuddalore,2012,Kharif,Maize,15171.0,23212.0
Tamil Nadu,Cuddalore,2012,Kharif,Rice,111958.0,339286.0
Tamil Nadu,Cuddalore,2012,Kharif,Urad,39034.0,21412.0
Tamil Nadu,Cuddalore,2012,Whole year,Sugarcane,30638.0,3445715.0
Tamil Nadu,Cuddalore,2013,Kharif,Maize,18993.0,70767.0
Tamil Nadu,Cuddalore,2013,Kharif,Rice,127485.0,565960.0
Tamil Nadu,Cuddalore,2013,Kharif,Urad,4915.0,3343.0
Tamil Nadu,Cuddalore,2013,Rabi,Maize,1527.0,7638.0
Tamil Nadu,Cuddalore,2013,Rabi,Urad,47422.0,49559.0
Tamil Nadu,Cuddalore,2013,Whole year,Sugarcane,30304.0,3286001.0
Tamil Nadu,Dharmapuri,2012,Kharif,Maize,2503.0,8868.0
Tamil Nadu,Dharmapuri,2012,Kharif,Rice,12003.0,53669.0
Tamil Nadu,Dharmapuri,2012,Kharif,Urad,2781.0,2048.0
Tamil Nadu,Dharmapuri,2012,Whole year,Sugarcane,16102.0,1299947.0
Tamil Nadu,Dharmapuri,2013,Kharif,Maize,11967.0,81069.0
Tamil Nadu,Dharmapuri,2013,Kharif,Rice,26689.0,132535.0
Tamil Nadu,Dharmapuri,2013,Kharif,Urad,7259.0,4885.0
Tamil Nadu,Dharmapuri,2013,Rabi,Maize,1468.0,7343.0
Tamil Nadu,Dharmapuri,2013,Rabi,Urad,964.0,823.0
Tamil Nadu,Dharmapuri,2013,Whole year,Sugarcane,8433.0,615686.0
Tamil Nadu,Dindigul,2012,Kharif,Maize,34325.0,119289.0
Tamil Nadu,Dindigul,2012,Kharif,Rice,9476.0,30806.0
Tamil Nadu,Dindigul,2012,Kharif,Urad,5992.0,1622.0
Tamil Nadu,Dindigul,2012,Whole year,Sugarcane,5378.0,298234.0
Tamil Nadu,Dindigul,2013,Kharif,Maize,7330.0,43858.0
Tamil Nadu,Dindigul,2013,Kharif,Rice,4234.0,25758.0
Tamil Nadu,Dindigul,2013,Kharif,Urad,992.0,834.0
Tamil Nadu,Dindigul,2013,Rabi,Maize,20131.0,127708.0
Tamil Nadu,Dindigul,2013,Rabi,Urad,5154.0,2912.0
Tamil Nadu,Dindigul,2013,Whole year,Sugarcane,3838.0,309789.0
Tamil Nadu,Erode,2012,Kharif,Maize,13955.0,64089.0
Tamil Nadu,Erode,2012,Kharif,Rice,6603.0,29125.0
Tamil Nadu,Erode,2012,Kharif,Urad,478.0,261.0
Tamil Nadu,Erode,2012,Whole year,Sugarcane,31227.0,2832977.0
Tamil Nadu,Erode,2013,Kharif,Maize,17068.0,105065.0
Tamil Nadu,Erode,2013,Kharif,Rice,30889.0,163021.0
Tamil Nadu,Erode,2013,Kharif,Urad,443.0,372.0
Tamil Nadu,Erode,2013,Rabi,Maize,1191.0,5958.0
Tamil Nadu,Erode,2013,Rabi,Urad,340.0,290.0
Tamil Nadu,Erode,2013,Whole year,Sugarcane,23539.0,2562633.0
Tamil Nadu,Kanchipuram,2012,Kharif,Maize,7.0,25.0
Tamil Nadu,Kanchipuram,2012,Kharif,Rice,77784.0,344875.0
Tamil Nadu,Kanchipuram,2012,Kharif,Urad,509.0,223.0
Tamil Nadu,Kanchipuram,2012,Whole year,Sugarcane,1781.0,173889.0
Tamil Nadu,Kanchipuram,2013,Kharif,Maize,25.0,163.0
Tamil Nadu,Kanchipuram,2013,Kharif,Rice,85564.0,391837.0
Tamil Nadu,Kanchipuram,2013,Kharif,Urad,684.0,575.0
Tamil Nadu,Kanchipuram,2013,Rabi,Maize,4.0,20.0
Tamil Nadu,Kanchipuram,2013,Rabi,Urad,984.0,840.0
Tamil Nadu,Kanchipuram,2013,Whole year,Sugarcane,1731.0,179286.0
Tamil Nadu,Karur,2012,Kharif,Maize,1239.0,4349.0
Tamil Nadu,Karur,2012,Kharif,Rice,10907.0,44073.0
Tamil Nadu,Karur,2012,Kharif,Urad,1164.0,635.0
Tamil Nadu,Karur,2012,Whole year,Sugarcane,6576.0,621454.0
Tamil Nadu,Karur,2013,Kharif,Maize,1458.0,9531.0
Tamil Nadu,Karur,2013,Kharif,Rice,12565.0,69898.0
Tamil Nadu,Karur,2013,Kharif,Urad,2628.0,2208.0
Tamil Nadu,Karur,2013,Rabi,Maize,346.0,1731.0
Tamil Nadu,Karur,2013,Rabi,Urad,1850.0,1579.0
Tamil Nadu,Karur,2013,Whole year,Sugarcane,3372.0,338937.0
Tamil Nadu,Krishnagiri,2012,Kharif,Maize,981.0,3418.0
Tamil Nadu,Krishnagiri,2012,Kharif,Rice,17753.0,72186.0
Tamil Nadu,Krishnagiri,2012,Kharif,Urad,4162.0,2381.0
Tamil Nadu,Krishnagiri,2012,Whole year,Sugarcane,1135.0,105896.0
Tamil Nadu,Krishnagiri,2013,Kharif,Maize,3280.0,21441.0
Tamil Nadu,Krishnagiri,2013,Kharif,Rice,29704.0,143404.0
Tamil Nadu,Krishnagiri,2013,Kharif,Urad,3879.0,3259.0
Tamil Nadu,Krishnagiri,2013,Rabi,Maize,158.0,790.0
Tamil Nadu,Krishnagiri,2013,Rabi,Urad,363.0,310.0
Tamil Nadu,Krishnagiri,2013,Whole year,Sugarcane,840.0,81194.0
Tamil Nadu,Madurai,2012,Kharif,Maize,7033.0,14740.0
Tamil Nadu,Madurai,2012,Kharif,Rice,18024.0,65000.0
Tamil Nadu,Madurai,2012,Kharif,Urad,719.0,374.0
Tamil Nadu,Madurai,2012,Whole year,Sugarcane,4944.0,494730.0
Tamil Nadu,Madurai,2013,Kharif,Maize,4660.0,18918.0
Tamil Nadu,Madurai,2013,Kharif,Rice,35268.0,163965.0
Tamil Nadu,Madurai,2013,Kharif,Urad,724.0,608.0
Tamil Nadu,Madurai,2013,Rabi,Maize,3368.0,16847.0
Tamil Nadu,Madurai,2013,Rabi,Urad,281.0,240.0
Tamil Nadu,Madurai,2013,Whole year,Sugarcane,4075.0,399214.0
Tamil Nadu,Nagapattinam,2012,Kharif,Maize,30.0,104.0
Tamil Nadu,Nagapattinam,2012,Kharif,Rice,142210.0,201553.0
Tamil Nadu,Nagapattinam,2012,Kharif,Urad,30600.0,10300.0
Tamil Nadu,Nagapattinam,2012,Whole year,Sugarcane,3421.0,319635.0
Tamil Nadu,Nagapattinam,2013,Kharif,Maize,19.0,124.0
Tamil Nadu,Nagapattinam,2013,Kharif,Rice,154750.0,605329.0
Tamil Nadu,Nagapattinam,2013,Kharif,Urad,143.0,120.0
Tamil Nadu,Nagapattinam,2013,Rabi,Maize,3.0,15.0
Tamil Nadu,Nagapattinam,2013,Rabi,Urad,46929.0,40958.0
Tamil Nadu,Nagapattinam,2013,Whole year,Sugarcane,2962.0,278902.0
Tamil Nadu,Namakkal,2012,Kharif,Maize,8451.0,35427.0
Tamil Nadu,Namakkal,2012,Kharif,Rice,5545.0,20254.0
Tamil Nadu,Namakkal,2012,Kharif,Urad,958.0,474.0
Tamil Nadu,Namakkal,2012,Whole year,Sugarcane,20299.0,1607629.0
Tamil Nadu,Namakkal,2013,Kharif,Maize,4715.0,39255.0
Tamil Nadu,Namakkal,2013,Kharif,Rice,9180.0,50983.0
Tamil Nadu,Namakkal,2013,Kharif,Urad,1548.0,1301.0
Tamil Nadu,Namakkal,2013,Rabi,Maize,5314.0,45483.0
Tamil Nadu,Namakkal,2013,Rabi,Urad,1536.0,1311.0
Tamil Nadu,Namakkal,2013,Whole year,Sugarcane,16544.0,1965911.0
Tamil Nadu,Perambalur,2012,Kharif,Maize,45747.0,88756.0
Tamil Nadu,Perambalur,2012,Kharif,Rice,7299.0,20892.0
Tamil Nadu,Perambalur,2012,Kharif,Urad,208.0,110.0
Tamil Nadu,Perambalur,2012,Whole year,Sugarcane,6500.0,567313.0
Tamil Nadu,Perambalur,2013,Kharif,Maize,45661.0,354692.0
Tamil Nadu,Perambalur,2013,Kharif,Rice,7175.0,36163.0
Tamil Nadu,Perambalur,2013,Kharif,Urad,473.0,397.0
Tamil Nadu,Perambalur,2013,Rabi,Maize,2076.0,10384.0
Tamil Nadu,Perambalur,2013,Rabi,Urad,614.0,524.0
Tamil Nadu,Perambalur,2013,Whole year,Sugarcane,5241.0,484717.0
Tamil Nadu,Pudukkottai,2012,Kharif,Maize,4022.0,23141.0
Tamil Nadu,Pudukkottai,2012,Kharif,Rice,83585.0,240394.0
Tamil Nadu,Pudukkottai,2012,Kharif,Urad,1405.0,691.0
Tamil Nadu,Pudukkottai,2012,Whole year,Sugarcane,9124.0,797048.0
Tamil Nadu,Pudukkottai,2013,Kharif,Maize,5354.0,38549.0
Tamil Nadu,Pudukkottai,2013,Kharif,Rice,72652.0,119895.0
Tamil Nadu,Pudukkottai,2013,Kharif,Urad,2778.0,2334.0
Tamil Nadu,Pudukkottai,2013,Rabi,Maize,3308.0,16547.0
Tamil Nadu,Pudukkottai,2013,Rabi,Urad,2391.0,2040.0
Tamil Nadu,Pudukkottai,2013,Whole year,Sugarcane,6826.0,471079.0
Tamil Nadu,Salem,2012,Kharif,Maize,29542.0,167367.0
Tamil Nadu,Salem,2012,Kharif,Rice,12929.0,52953.0
Tamil Nadu,Salem,2012,Kharif,Urad,2536.0,1141.0
Tamil Nadu,Salem,2012,Whole year,Sugarcane,15485.0,1321473.0
Tamil Nadu,Salem,2013,Kharif,Maize,24805.0,186613.0
Tamil Nadu,Salem,2013,Kharif,Rice,20148.0,97052.0
Tamil Nadu,Salem,2013,Kharif,Urad,3248.0,3071.0
Tamil Nadu,Salem,2013,Rabi,Maize,10845.0,81733.0
Tamil Nadu,Salem,2013,Rabi,Urad,1170.0,998.0
Tamil Nadu,Salem,2013,Whole year,Sugarcane,12652.0,1215553.0
Uttar Pradesh,Ambedkar nagar,2012,Kharif,Maize,418.0,436.0
Uttar Pradesh,Ambedkar nagar,2012,Kharif,Rice,115800.0,319492.0
Uttar Pradesh,Ambedkar nagar,2012,Kharif,Sugarcane,12563.0,782590.0
Uttar Pradesh,Ambedkar nagar,2012,Kharif,Urad,64.0,48.0
Uttar Pradesh,Ambedkar nagar,2012,Rabi,Maize,13.0,41.0
Uttar Pradesh,Ambedkar nagar,2012,Rabi,Wheat,117083.0,391291.0
Uttar Pradesh,Ambedkar nagar,2012,Kharif,Maize,261.0,482.0
Uttar Pradesh,Ambedkar nagar,2012,Kharif,Urad,567.0,369.0
Uttar Pradesh,Ambedkar nagar,2013,Kharif,Maize,477.0,317.0
Uttar Pradesh,Ambedkar nagar,2013,Kharif,Rice,115279.0,314251.0
Uttar Pradesh,Ambedkar nagar,2013,Kharif,Sugarcane,11972.0,740204.0
Uttar Pradesh,Ambedkar nagar,2013,Kharif,Urad,86.0,32.0
Uttar Pradesh,Ambedkar nagar,2013,Rabi,Maize,15.0,53.0
Uttar Pradesh,Ambedkar nagar,2013,Rabi,Wheat,118419.0,407835.0
Uttar Pradesh,Ambedkar nagar,2013,Kharif,Maize,255.0,468.0
Uttar Pradesh,Ambedkar nagar,2013,Kharif,Urad,827.0,410.0
Uttar Pradesh,Ambedkar nagar,2014,Kharif,Maize,394.0,286.0
Uttar Pradesh,Ambedkar nagar,2014,Kharif,Rice,118607.0,290706.0
Uttar Pradesh,Ambedkar nagar,2014,Kharif,Sugarcane,11458.0,715575.0
Uttar Pradesh,Ambedkar nagar,2014,Kharif,Urad,106.0,56.0
Uttar Pradesh,Ambedkar nagar,2014,Rabi,Maize,51.0,122.0
Uttar Pradesh,Ambedkar nagar,2014,Rabi,Wheat,120131.0,275941.0
Uttar Pradesh,Ambedkar nagar,2014,Kharif,Maize,264.0,469.0
Uttar Pradesh,Ambedkar nagar,2014,Kharif,Urad,1830.0,1005.0
Uttar Pradesh,Amroha,2012,Kharif,Maize,1458.0,1311.0
Uttar Pradesh,Amroha,2012,Kharif,Rice,22530.0,40914.0
Uttar Pradesh,Amroha,2012,Kharif,Sugarcane,80944.0,5200490.0
Uttar Pradesh,Amroha,2012,Kharif,Urad,2668.0,2433.0
Uttar Pradesh,Amroha,2012,Rabi,Wheat,90059.0,289179.0
Uttar Pradesh,Amroha,2012,Kharif,Maize,369.0,682.0
Uttar Pradesh,Amroha,2012,Kharif,Urad,1.0,1.0
Uttar Pradesh,Amroha,2013,Kharif,Maize,1820.0,2186.0
Uttar Pradesh,Amroha,2013,Kharif,Rice,28126.0,59177.0
Uttar Pradesh,Amroha,2013,Kharif,Sugarcane,75729.0,5276494.0
Uttar Pradesh,Amroha,2013,Kharif,Urad,3458.0,2670.0
Uttar Pradesh,Amroha,2013,Rabi,Wheat,92633.0,305040.0
Uttar Pradesh,Amroha,2013,Kharif,Maize,338.0,621.0
Uttar Pradesh,Amroha,2013,Kharif,Rice,2.0,4.0
Uttar Pradesh,Amroha,2013,Kharif,Urad,10.0,6.0
Uttar Pradesh,Amroha,2014,Kharif,Maize,1807.0,2458.0
Uttar Pradesh,Amroha,2014,Kharif,Rice,23134.0,61606.0
Uttar Pradesh,Amroha,2014,Kharif,Sugarcane,75824.0,5348322.0
Uttar Pradesh,Amroha,2014,Kharif,Urad,3049.0,2717.0
Uttar Pradesh,Amroha,2014,Rabi,Maize,7.0,17.0
Uttar Pradesh,Amroha,2014,Rabi,Wheat,91563.0,193106.0
Uttar Pradesh,Amroha,2014,Kharif,Maize,327.0,581.0
Uttar Pradesh,Amroha,2014,Kharif,Rice,13.0,34.0
Uttar Pradesh,Amroha,2014,Kharif,Urad,1.0,1.0
Uttar Pradesh,Azamgarh,2012,Kharif,Maize,6550.0,11705.0
Uttar Pradesh,Azamgarh,2012,Kharif,Rice,210961.0,453777.0
Uttar Pradesh,Azamgarh,2012,Kharif,Sugarcane,19099.0,1109652.0
Uttar Pradesh,Azamgarh,2012,Kharif,Urad,246.0,163.0
Uttar Pradesh,Azamgarh,2012,Rabi,Wheat,235690.0,693636.0
Uttar Pradesh,Azamgarh,2012,Kharif,Maize,303.0,560.0
Uttar Pradesh,Azamgarh,2012,Kharif,Rice,1.0,2.0
Uttar Pradesh,Azamgarh,2012,Kharif,Urad,170.0,118.0
Uttar Pradesh,Azamgarh,2013,Kharif,Maize,6516.0,12823.0
Uttar Pradesh,Azamgarh,2013,Kharif,Rice,217062.0,477971.0
Uttar Pradesh,Azamgarh,2013,Kharif,Sugarcane,19641.0,1129986.0
Uttar Pradesh,Azamgarh,2013,Kharif,Urad,154.0,69.0
Uttar Pradesh,Azamgarh,2013,Rabi,Maize,11.0,39.0
Uttar Pradesh,Azamgarh,2013,Rabi,Wheat,232130.0,718442.0
Uttar Pradesh,Azamgarh,2013,Kharif,Maize,309.0,568.0
Uttar Pradesh,Azamgarh,2013,Kharif,Urad,124.0,72.0
Uttar Pradesh,Azamgarh,2014,Kharif,Maize,6568.0,12486.0
Uttar Pradesh,Azamgarh,2014,Kharif,Rice,202341.0,400028.0
Uttar Pradesh,Azamgarh,2014,Kharif,Sugarcane,20282.0,1249533.0
Uttar Pradesh,Azamgarh,2014,Kharif,Urad,189.0,101.0
Uttar Pradesh,Azamgarh,2014,Rabi,Maize,114.0,170.0
Uttar Pradesh,Azamgarh,2014,Rabi,Wheat,243897.0,516574.0
Uttar Pradesh,Azamgarh,2014,Kharif,Maize,309.0,549.0
Uttar Pradesh,Azamgarh,2014,Kharif,Urad,97.0,52.0
Uttar Pradesh,Bahraich,2012,Kharif,Maize,73289.0,95642.0
Uttar Pradesh,Bahraich,2012,Kharif,Rice,159182.0,380445.0
Uttar Pradesh,Bahraich,2012,Kharif,Sugarcane,24326.0,1312047.0
Uttar Pradesh,Bahraich,2012,Kharif,Urad,1416.0,939.0
Uttar Pradesh,Bahraich,2012,Rabi,Maize,78.0,244.0
Uttar Pradesh,Bahraich,2012,Rabi,Wheat,160153.0,455635.0
Uttar Pradesh,Bahraich,2012,Kharif,Maize,2023.0,3737.0
Uttar Pradesh,Bahraich,2012,Kharif,Urad,394.0,273.0
Uttar Pradesh,Bahraich,2013,Kharif,Maize,74878.0,103856.0
Uttar Pradesh,Bahraich,2013,Kharif,Rice,159025.0,375935.0
Uttar Pradesh,Bahraich,2013,Kharif,Sugarcane,22923.0,1282954.0
Uttar Pradesh,Bahraich,2013,Kharif,Urad,1242.0,554.0
Uttar Pradesh,Bahraich,2013,Rabi,Maize,453.0,1609.0
Uttar Pradesh,Bahraich,2013,Rabi,Wheat,167831.0,542765.0
Uttar Pradesh,Bahraich,2013,Kharif,Maize,1991.0,3658.0
Uttar Pradesh,Bahraich,2013,Kharif,Urad,284.0,164.0
Uttar Pradesh,Bahraich,2014,Kharif,Maize,66628.0,85017.0
Uttar Pradesh,Bahraich,2014,Kharif,Rice,165249.0,367679.0
Uttar Pradesh,Bahraich,2014,Kharif,Sugarcane,38237.0,2205969.0
Uttar Pradesh,Bahraich,2014,Kharif,Urad,1410.0,756.0
Uttar Pradesh,Bahraich,2014,Rabi,Maize,743.0,1778.0
Uttar Pradesh,Bahraich,2014,Rabi,Wheat,165865.0,394095.0
Uttar Pradesh,Bahraich,2014,Kharif,Maize,2254.0,4008.0
Uttar Pradesh,Bahraich,2014,Kharif,Urad,296.0,160.0
Uttar Pradesh,Deoria,2012,Kharif,Maize,5413.0,12250.0
Uttar Pradesh,Deoria,2012,Kharif,Rice,132142.0,295337.0
Uttar Pradesh,Deoria,2012,Kharif,Sugarcane,9315.0,552193.0
Uttar Pradesh,Deoria,2012,Kharif,Urad,9.0,6.0
Uttar Pradesh,Deoria,2012,Rabi,Maize,794.0,2486.0
Uttar Pradesh,Deoria,2012,Rabi,Wheat,155756.0,483934.0
Uttar Pradesh,Deoria,2012,Kharif,Maize,201.0,371.0
Uttar Pradesh,Deoria,2012,Kharif,Rice,23.0,51.0
Uttar Pradesh,Deoria,2012,Kharif,Urad,4.0,3.0
Uttar Pradesh,Deoria,2013,Kharif,Maize,5111.0,10754.0
Uttar Pradesh,Deoria,2013,Kharif,Rice,135616.0,333480.0
Uttar Pradesh,Deoria,2013,Kharif,Sugarcane,9768.0,552673.0
Uttar Pradesh,Deoria,2013,Kharif,Urad,9.0,4.0
Uttar Pradesh,Deoria,2013,Rabi,Maize,1874.0,6658.0
Uttar Pradesh,Deoria,2013,Rabi,Wheat,156285.0,472628.0
Uttar Pradesh,Deoria,2013,Kharif,Maize,379.0,696.0
Uttar Pradesh,Deoria,2013,Kharif,Rice,14.0,34.0
Uttar Pradesh,Deoria,2013,Kharif,Urad,2.0,1.0
Uttar Pradesh,Deoria,2014,Kharif,Maize,5314.0,11053.0
Uttar Pradesh,Deoria,2014,Kharif,Rice,132892.0,266980.0
Uttar Pradesh,Deoria,2014,Kharif,Sugarcane,8996.0,567792.0
Uttar Pradesh,Deoria,2014,Kharif,Urad,11.0,6.0
Uttar Pradesh,Deoria,2014,Rabi,Maize,1626.0,5894.0
Uttar Pradesh,Deoria,2014,Rabi,Wheat,155105.0,291133.0
Uttar Pradesh,Deoria,2014,Kharif,Maize,419.0,745.0
Uttar Pradesh,Deoria,2014,Kharif,Rice,14.0,28.0
Uttar Pradesh,Deoria,2014,Kharif,Urad,7.0,4.0
Uttar Pradesh,Gorakhpur,2012,Kharif,Maize,2445.0,3205.0
Uttar Pradesh,Gorakhpur,2012,Kharif,Rice,151122.0,344256.0
Uttar Pradesh,Gorakhpur,2012,Kharif,Sugarcane,2714.0,175737.0
Uttar Pradesh,Gorakhpur,2012,Kharif,Urad,33.0,22.0
Uttar Pradesh,Gorakhpur,2012,Rabi,Maize,9.0,28.0
Uttar Pradesh,Gorakhpur,2012,Rabi,Wheat,190259.0,592467.0
Uttar Pradesh,Gorakhpur,2012,Kharif,Maize,296.0,547.0
Uttar Pradesh,Gorakhpur,2012,Kharif,Rice,147.0,335.0
Uttar Pradesh,Gorakhpur,2012,Kharif,Urad,9.0,6.0
Uttar Pradesh,Gorakhpur,2013,Kharif,Maize,2588.0,2459.0
Uttar Pradesh,Gorakhpur,2013,Kharif,Rice,150740.0,362228.0
Uttar Pradesh,Gorakhpur,2013,Kharif,Sugarcane,2722.0,170277.0
Uttar Pradesh,Gorakhpur,2013,Kharif,Urad,12.0,5.0
Uttar Pradesh,Gorakhpur,2013,Rabi,Maize,12.0,43.0
Uttar Pradesh,Gorakhpur,2013,Rabi,Wheat,190537.0,618676.0
Uttar Pradesh,Gorakhpur,2013,Kharif,Maize,201.0,369.0
Uttar Pradesh,Gorakhpur,2013,Kharif,Rice,47.0,113.0
Uttar Pradesh,Gorakhpur,2013,Kharif,Urad,69.0,40.0
Uttar Pradesh,Gorakhpur,2014,Kharif,Maize,2600.0,4022.0
Uttar Pradesh,Gorakhpur,2014,Kharif,Rice,152431.0,336873.0
Uttar Pradesh,Gorakhpur,2014,Kharif,Sugarcane,2948.0,181208.0
Uttar Pradesh,Gorakhpur,2014,Kharif,Urad,2.0,1.0
Uttar Pradesh,Gorakhpur,2014,Rabi,Maize,33.0,119.0
Uttar Pradesh,Gorakhpur,2014,Rabi,Wheat,190247.0,331410.0
Uttar Pradesh,Gorakhpur,2014,Kharif,Maize,238.0,423.0
Uttar Pradesh,Gorakhpur,2014,Kharif,Rice,52.0,115.0
Uttar Pradesh,Gorakhpur,2014,Kharif,Urad,26.0,14.0
Uttar Pradesh,Hardoi,2012,Kharif,Maize,36598.0,70122.0
Uttar Pradesh,Hardoi,2012,Kharif,Rice,144505.0,354615.0
Uttar Pradesh,Hardoi,2012,Kharif,Sugarcane,35834.0,2210098.0
Uttar Pradesh,Hardoi,2012,Kharif,Urad,23664.0,13938.0
Uttar Pradesh,Hardoi,2012,Rabi,Wheat,327776.0,1041832.0
Uttar Pradesh,Hardoi,2012,Kharif,Maize,260.0,480.0
Uttar Pradesh,Hardoi,2012,Kharif,Rice,10.0,25.0
Uttar Pradesh,Hardoi,2012,Kharif,Urad,3435.0,2161.0
Uttar Pradesh,Hardoi,2013,Kharif,Maize,42656.0,81729.0
Uttar Pradesh,Hardoi,2013,Kharif,Rice,149084.0,375095.0
Uttar Pradesh,Hardoi,2013,Kharif,Sugarcane,39111.0,2272036.0
Uttar Pradesh,Hardoi,2013,Kharif,Urad,18225.0,10953.0
Uttar Pradesh,Hardoi,2013,Rabi,Maize,137.0,487.0
Uttar Pradesh,Hardoi,2013,Rabi,Wheat,318253.0,1130771.0
Uttar Pradesh,Hardoi,2013,Kharif,Maize,643.0,1181.0
Uttar Pradesh,Hardoi,2013,Kharif,Rice,96.0,242.0
Uttar Pradesh,Hardoi,2013,Kharif,Urad,3117.0,2101.0
Uttar Pradesh,Hardoi,2014,Kharif,Maize,32000.0,54048.0
Uttar Pradesh,Hardoi,2014,Kharif,Rice,142184.0,279392.0
Uttar Pradesh,Hardoi,2014,Kharif,Sugarcane,37032.0,2226216.0
Uttar Pradesh,Hardoi,2014,Kharif,Urad,18511.0,10699.0
Uttar Pradesh,Hardoi,2014,Rabi,Maize,79.0,189.0
Uttar Pradesh,Hardoi,2014,Rabi,Wheat,326194.0,719258.0
Uttar Pradesh,Hardoi,2014,Kharif,Maize,1490.0,2649.0
Uttar Pradesh,Hardoi,2014,Kharif,Rice,50.0,98.0
Uttar Pradesh,Hardoi,2014,Kharif,Urad,2686.0,1891.0
Uttar Pradesh,Kheri,2012,Kharif,Maize,8717.0,8647.0
Uttar Pradesh,Kheri,2012,Kharif,Rice,183167.0,469457.0
Uttar Pradesh,Kheri,2012,Kharif,Sugarcane,238233.0,14359732.0
Uttar Pradesh,Kheri,2012,Kharif,Urad,2221.0,1439.0
Uttar Pradesh,Kheri,2012,Rabi,Wheat,183938.0,640472.0
Uttar Pradesh,Kheri,2012,Kharif,Maize,1504.0,2778.0
Uttar Pradesh,Kheri,2012,Kharif,Rice,3512.0,9001.0
Uttar Pradesh,Kheri,2012,Kharif,Urad,199.0,104.0
Uttar Pradesh,Kheri,2013,Kharif,Maize,8260.0,15289.0
Uttar Pradesh,Kheri,2013,Kharif,Rice,173556.0,467907.0
Uttar Pradesh,Kheri,2013,Kharif,Sugarcane,240036.0,15040656.0
Uttar Pradesh,Kheri,2013,Kharif,Urad,3062.0,1877.0
Uttar Pradesh,Kheri,2013,Rabi,Maize,17.0,60.0
Uttar Pradesh,Kheri,2013,Rabi,Wheat,195575.0,705439.0
Uttar Pradesh,Kheri,2013,Kharif,Maize,1136.0,2087.0
Uttar Pradesh,Kheri,2013,Kharif,Rice,2526.0,6810.0
Uttar Pradesh,Kheri,2013,Kharif,Urad,133.0,69.0
Uttar Pradesh,Kheri,2014,Kharif,Maize,6113.0,7770.0
Uttar Pradesh,Kheri,2014,Kharif,Rice,155403.0,423318.0
Uttar Pradesh,Kheri,2014,Kharif,Sugarcane,268653.0,17757963.0
Uttar Pradesh,Kheri,2014,Kharif,Urad,2661.0,1887.0
Uttar Pradesh,Kheri,2014,Rabi,Maize,150.0,359.0
Uttar Pradesh,Kheri,2014,Rabi,Wheat,185828.0,498172.0
Uttar Pradesh,Kheri,2014,Kharif,Maize,1695.0,3014.0
Uttar Pradesh,Kheri,2014,Kharif,Rice,1822.0,4963.0
Uttar Pradesh,Kheri,2014,Kharif,Urad,201.0,84.0
Uttar Pradesh,Maharajganj,2012,Kharif,Maize,59.0,117.0
Uttar Pradesh,Maharajganj,2012,Kharif,Rice,164762.0,405150.0
Uttar Pradesh,Maharajganj,2012,Kharif,Sugarcane,18611.0,1130283.0
Uttar Pradesh,Maharajganj,2012,Kharif,Urad,6.0,4.0
Uttar Pradesh,Maharajganj,2012,Rabi,Maize,3.0,9.0
Uttar Pradesh,Maharajganj,2012,Rabi,Wheat,154351.0,510902.0
Uttar Pradesh,Maharajganj,2012,Kharif,Maize,300.0,554.0
Uttar Pradesh,Maharajganj,2012,Kharif,Rice,20.0,49.0
Uttar Pradesh,Maharajganj,2012,Kharif,Urad,50.0,35.0
Uttar Pradesh,Maharajganj,2013,Kharif,Maize,34.0,67.0
Uttar Pradesh,Maharajganj,2013,Kharif,Rice,161164.0,398397.0
Uttar Pradesh,Maharajganj,2013,Kharif,Sugarcane,18510.0,1129480.0
Uttar Pradesh,Maharajganj,2013,Kharif,Urad,63.0,28.0
Uttar Pradesh,Maharajganj,2013,Rabi,Maize,51.0,181.0
Uttar Pradesh,Maharajganj,2013,Rabi,Wheat,148850.0,500136.0
Uttar Pradesh,Maharajganj,2013,Kharif,Maize,321.0,590.0
Uttar Pradesh,Maharajganj,2013,Kharif,Rice,110.0,272.0
Uttar Pradesh,Maharajganj,2013,Kharif,Urad,60.0,35.0
Uttar Pradesh,Maharajganj,2014,Kharif,Maize,79.0,161.0
Uttar Pradesh,Maharajganj,2014,Kharif,Rice,165814.0,406742.0
Uttar Pradesh,Maharajganj,2014,Kharif,Sugarcane,15932.0,952033.0
Uttar Pradesh,Maharajganj,2014,Kharif,Urad,18.0,10.0
Uttar Pradesh,Maharajganj,2014,Rabi,Maize,8.0,29.0
Uttar Pradesh,Maharajganj,2014,Rabi,Wheat,152333.0,361486.0
Uttar Pradesh,Maharajganj,2014,Kharif,Maize,380.0,676.0
Uttar Pradesh,Maharajganj,2014,Kharif,Rice,110.0,270.0
Uttar Pradesh,Maharajganj,2014,Kharif,Urad,65.0,35.0
Uttar Pradesh,Mainpuri,2012,Kharif,Maize,41509.0,111618.0
Uttar Pradesh,Mainpuri,2012,Kharif,Rice,59963.0,157943.0
Uttar Pradesh,Mainpuri,2012,Kharif,Sugarcane,555.0,25170.0
Uttar Pradesh,Mainpuri,2012,Kharif,Urad,370.0,245.0
Uttar Pradesh,Mainpuri,2012,Rabi,Wheat,152558.0,548751.0
Uttar Pradesh,Mainpuri,2012,Kharif,Maize,175.0,323.0
Uttar Pradesh,Mainpuri,2012,Kharif,Rice,21.0,55.0
Uttar Pradesh,Mainpuri,2012,Kharif,Urad,1382.0,1287.0
Uttar Pradesh,Mainpuri,2013,Kharif,Maize,41055.0,108016.0
Uttar Pradesh,Mainpuri,2013,Kharif,Rice,65174.0,172059.0
Uttar Pradesh,Mainpuri,2013,Kharif,Sugarcane,547.0,26252.0
Uttar Pradesh,Mainpuri,2013,Kharif,Urad,474.0,212.0
Uttar Pradesh,Mainpuri,2013,Rabi,Maize,17.0,60.0
Uttar Pradesh,Mainpuri,2013,Rabi,Wheat,153478.0,581375.0
Uttar Pradesh,Mainpuri,2013,Kharif,Maize,761.0,1398.0
Uttar Pradesh,Mainpuri,2013,Kharif,Rice,216.0,570.0
Uttar Pradesh,Mainpuri,2013,Kharif,Urad,1172.0,964.0
Uttar Pradesh,Mainpuri,2014,Kharif,Maize,49703.0,128134.0
Uttar Pradesh,Mainpuri,2014,Kharif,Rice,73176.0,190843.0
Uttar Pradesh,Mainpuri,2014,Kharif,Sugarcane,338.0,14234.0
Uttar Pradesh,Mainpuri,2014,Kharif,Urad,279.0,124.0
Uttar Pradesh,Mainpuri,2014,Rabi,Wheat,149855.0,349312.0
Uttar Pradesh,Mainpuri,2014,Kharif,Maize,1024.0,1821.0
Uttar Pradesh,Mainpuri,2014,Kharif,Rice,63.0,164.0
Uttar Pradesh,Mainpuri,2014,Kharif,Urad,1260.0,1385.0
Uttar Pradesh,Meerut,2012,Kharif,Maize,244.0,579.0
Uttar Pradesh,Meerut,2012,Kharif,Rice,16117.0,44273.0
Uttar Pradesh,Meerut,2012,Kharif,Sugarcane,132541.0,9023391.0
Uttar Pradesh,Meerut,2012,Kharif,Urad,1016.0,674.0
Uttar Pradesh,Meerut,2012,Rabi,Maize,1.0,3.0
Uttar Pradesh,Meerut,2012,Rabi,Wheat,78236.0,323115.0
Uttar Pradesh,Meerut,2012,Kharif,Maize,119.0,220.0
Uttar Pradesh,Meerut,2012,Kharif,Urad,301.0,208.0
Uttar Pradesh,Meerut,2013,Kharif,Maize,677.0,1619.0
Uttar Pradesh,Meerut,2013,Kharif,Rice,14493.0,39305.0
Uttar Pradesh,Meerut,2013,Kharif,Sugarcane,135532.0,9643373.0
Uttar Pradesh,Meerut,2013,Kharif,Urad,1126.0,502.0
Uttar Pradesh,Meerut,2013,Rabi,Wheat,76532.0,328475.0
Uttar Pradesh,Meerut,2013,Kharif,Maize,146.0,268.0
Uttar Pradesh,Meerut,2013,Kharif,Rice,21.0,57.0
Uttar Pradesh,Meerut,2013,Kharif,Urad,298.0,173.0
Uttar Pradesh,Meerut,2014,Kharif,Maize,167.0,393.0
Uttar Pradesh,Meerut,2014,Kharif,Rice,14466.0,42892.0
Uttar Pradesh,Meerut,2014,Kharif,Sugarcane,121109.0,9506088.0
Uttar Pradesh,Meerut,2014,Kharif,Urad,908.0,487.0
Uttar Pradesh,Meerut,2014,Rabi,Maize,16.0,38.0
Uttar Pradesh,Meerut,2014,Rabi,Wheat,76072.0,245180.0
Uttar Pradesh,Meerut,2014,Kharif,Maize,67.0,119.0
Uttar Pradesh,Meerut,2014,Kharif,Rice,162.0,480.0
Uttar Pradesh,Meerut,2014,Kharif,Urad,101.0,54.0
Uttar Pradesh,Moradabad,2012,Kharif,Maize,135.0,121.0
Uttar Pradesh,Moradabad,2012,Kharif,Rice,90672.0,215799.0
Uttar Pradesh,Moradabad,2012,Kharif,Sugarcane,53415.0,3390571.0
Uttar Pradesh,Moradabad,2012,Kharif,Urad,6488.0,5327.0
Uttar Pradesh,Moradabad,2012,Rabi,Wheat,118320.0,362769.0
Uttar Pradesh,Moradabad,2012,Kharif,Maize,51.0,94.0
Uttar Pradesh,Moradabad,2012,Kharif,Rice,476.0,1133.0
Uttar Pradesh,Moradabad,2012,Kharif,Urad,2.0,1.0
Uttar Pradesh,Moradabad,2013,Kharif,Maize,52.0,81.0
Uttar Pradesh,Moradabad,2013,Kharif,Rice,95250.0,207931.0
Uttar Pradesh,Moradabad,2013,Kharif,Sugarcane,47214.0,3024340.0
Uttar Pradesh,Moradabad,2013,Kharif,Urad,4306.0,3604.0
Uttar Pradesh,Moradabad,2013,Rabi,Wheat,122018.0,394362.0
Uttar Pradesh,Moradabad,2013,Kharif,Maize,20.0,37.0
Uttar Pradesh,Moradabad,2013,Kharif,Rice,713.0,1556.0
Uttar Pradesh,Moradabad,2013,Kharif,Urad,6.0,3.0
Uttar Pradesh,Moradabad,2014,Kharif,Maize,173.0,327.0
Uttar Pradesh,Moradabad,2014,Kharif,Rice,87934.0,205941.0
Uttar Pradesh,Moradabad,2014,Kharif,Sugarcane,44938.0,2900119.0
Uttar Pradesh,Moradabad,2014,Kharif,Urad,3494.0,3532.0
Uttar Pradesh,Moradabad,2014,Rabi,Maize,4.0,9.0
Uttar Pradesh,Moradabad,2014,Rabi,Wheat,122232.0,196916.0
Uttar Pradesh,Moradabad,2014,Kharif,Maize,49.0,87.0
Uttar Pradesh,Moradabad,2014,Kharif,Rice,552.0,1293.0
Uttar Pradesh,Moradabad,2014,Kharif,Urad,8.0,4.0
Uttar Pradesh,Shahjahanpur,2012,Kharif,Maize,1695.0,3212.0
Uttar Pradesh,Shahjahanpur,2012,Kharif,Rice,215646.0,579441.0
Uttar Pradesh,Shahjahanpur,2012,Kharif,Sugarcane,46086.0,2829680.0
Uttar Pradesh,Shahjahanpur,2012,Kharif,Urad,9263.0,5048.0
Uttar Pradesh,Shahjahanpur,2012,Rabi,Wheat,264247.0,959481.0
Uttar Pradesh,Shahjahanpur,2012,Kharif,Maize,83.0,153.0
Uttar Pradesh,Shahjahanpur,2012,Kharif,Rice,5581.0,14996.0
Uttar Pradesh,Shahjahanpur,2012,Kharif,Urad,137.0,95.0
Uttar Pradesh,Shahjahanpur,2013,Kharif,Maize,1587.0,1763.0
Uttar Pradesh,Shahjahanpur,2013,Kharif,Rice,198105.0,531714.0
Uttar Pradesh,Shahjahanpur,2013,Kharif,Sugarcane,40137.0,2444664.0
Uttar Pradesh,Shahjahanpur,2013,Kharif,Urad,8176.0,4636.0
Uttar Pradesh,Shahjahanpur,2013,Rabi,Wheat,255240.0,934689.0
Uttar Pradesh,Shahjahanpur,2013,Kharif,Maize,272.0,500.0
Uttar Pradesh,Shahjahanpur,2013,Kharif,Rice,5320.0,14279.0
Uttar Pradesh,Shahjahanpur,2013,Kharif,Urad,104.0,60.0
Uttar Pradesh,Shahjahanpur,2014,Kharif,Maize,1807.0,1928.0
Uttar Pradesh,Shahjahanpur,2014,Kharif,Rice,203946.0,572069.0
Uttar Pradesh,Shahjahanpur,2014,Kharif,Sugarcane,42195.0,2850863.0
Uttar Pradesh,Shahjahanpur,2014,Kharif,Urad,8123.0,4728.0
Uttar Pradesh,Shahjahanpur,2014,Rabi,Maize,10.0,24.0
Uttar Pradesh,Shahjahanpur,2014,Rabi,Wheat,260462.0,517017.0
Uttar Pradesh,Shahjahanpur,2014,Kharif,Maize,165.0,293.0
Uttar Pradesh,Shahjahanpur,2014,Kharif,Rice,5379.0,15088.0
Uttar Pradesh,Shahjahanpur,2014,Kharif,Urad,285.0,154.0
Uttar Pradesh,Sitapur,2012,Kharif,Maize,12925.0,12162.0
Uttar Pradesh,Sitapur,2012,Kharif,Rice,162205.0,388481.0
Uttar Pradesh,Sitapur,2012,Kharif,Sugarcane,133669.0,8443069.0
Uttar Pradesh,Sitapur,2012,Kharif,Urad,11219.0,6720.0
Uttar Pradesh,Sitapur,2012,Rabi,Maize,4.0,13.0
Uttar Pradesh,Sitapur,2012,Rabi,Wheat,212016.0,674635.0
Uttar Pradesh,Sitapur,2012,Kharif,Maize,298.0,550.0
Uttar Pradesh,Sitapur,2012,Kharif,Rice,26.0,63.0
Uttar Pradesh,Sitapur,2012,Kharif,Urad,2127.0,1111.0
Uttar Pradesh,Sitapur,2013,Kharif,Maize,11176.0,10762.0
Uttar Pradesh,Sitapur,2013,Kharif,Rice,169741.0,413998.0
Uttar Pradesh,Sitapur,2013,Kharif,Sugarcane,144143.0,9322593.0
Uttar Pradesh,Sitapur,2013,Kharif,Urad,12310.0,6426.0
Uttar Pradesh,Sitapur,2013,Rabi,Maize,10.0,35.0
Uttar Pradesh,Sitapur,2013,Rabi,Wheat,210932.0,651569.0
Uttar Pradesh,Sitapur,2013,Kharif,Maize,181.0,333.0
Uttar Pradesh,Sitapur,2013,Kharif,Rice,44.0,107.0
Uttar Pradesh,Sitapur,2013,Kharif,Urad,851.0,443.0
Uttar Pradesh,Sitapur,2014,Kharif,Maize,8686.0,7470.0
Uttar Pradesh,Sitapur,2014,Kharif,Rice,164128.0,382911.0
Uttar Pradesh,Sitapur,2014,Kharif,Sugarcane,148655.0,9903396.0
Uttar Pradesh,Sitapur,2014,Kharif,Urad,11239.0,6979.0
Uttar Pradesh,Sitapur,2014,Rabi,Maize,71.0,170.0
Uttar Pradesh,Sitapur,2014,Rabi,Wheat,208675.0,372484.0
Uttar Pradesh,Sitapur,2014,Kharif,Maize,227.0,404.0
Uttar Pradesh,Sitapur,2014,Kharif,Rice,75.0,175.0
Uttar Pradesh,Sitapur,2014,Kharif,Urad,719.0,299.0
Uttar Pradesh,Unnao,2012,Kharif,Maize,28266.0,33354.0
Uttar Pradesh,Unnao,2012,Kharif,Rice,98269.0,192804.0
Uttar Pradesh,Unnao,2012,Kharif,Sugarcane,942.0,57771.0
Uttar Pradesh,Unnao,2012,Kharif,Urad,26085.0,13173.0
Uttar Pradesh,Unnao,2012,Rabi,Maize,2.0,6.0
Uttar Pradesh,Unnao,2012,Rabi,Wheat,240113.0,686003.0
Uttar Pradesh,Unnao,2012,Kharif,Maize,252.0,466.0
Uttar Pradesh,Unnao,2012,Kharif,Rice,11.0,22.0
Uttar Pradesh,Unnao,2012,Kharif,Urad,2702.0,2126.0
Uttar Pradesh,Unnao,2013,Kharif,Maize,27678.0,43150.0
Uttar Pradesh,Unnao,2013,Kharif,Rice,102455.0,218229.0
Uttar Pradesh,Unnao,2013,Kharif,Sugarcane,927.0,58129.0
Uttar Pradesh,Unnao,2013,Kharif,Urad,25481.0,14091.0
Uttar Pradesh,Unnao,2013,Rabi,Maize,256.0,910.0
Uttar Pradesh,Unnao,2013,Rabi,Wheat,241717.0,736753.0
Uttar Pradesh,Unnao,2013,Kharif,Maize,851.0,1563.0
Uttar Pradesh,Unnao,2013,Kharif,Urad,2582.0,1410.0
Uttar Pradesh,Unnao,2014,Kharif,Maize,23550.0,33182.0
Uttar Pradesh,Unnao,2014,Kharif,Rice,96435.0,161818.0
Uttar Pradesh,Unnao,2014,Kharif,Sugarcane,695.0,45809.0
Uttar Pradesh,Unnao,2014,Kharif,Urad,23716.0,7992.0
Uttar Pradesh,Unnao,2014,Rabi,Maize,1.0,2.0
Uttar Pradesh,Unnao,2014,Rabi,Wheat,243188.0,488078.0
Uttar Pradesh,Unnao,2014,Kharif,Maize,1018.0,1810.0
Uttar Pradesh,Unnao,2014,Kharif,Rice,1.0,2.0
Uttar Pradesh,Unnao,2014,Kharif,Urad,2280.0,1359.0
West Bengal,24 paraganas north,2012,Kharif,Urad,1937.0,1313.0
West Bengal,24 paraganas north,2012,Rabi,Maize,56.0,162.0
West Bengal,24 paraganas north,2012,Rabi,Wheat,7212.0,19859.0
West Bengal,24 paraganas north,2012,Kharif,Maize,144.0,365.0
West Bengal,24 paraganas north,2012,Kharif,Rice,70500.0,249051.0
West Bengal,24 paraganas north,2012,Whole year,Sugarcane,714.0,72345.0
West Bengal,24 paraganas north,2012,Rabi,Rice,133093.0,364032.0
West Bengal,24 paraganas north,2013,Kharif,Urad,2223.0,1787.0
West Bengal,24 paraganas north,2013,Rabi,Maize,45.0,149.0
West Bengal,24 paraganas north,2013,Rabi,Urad,515.0,226.0
West Bengal,24 paraganas north,2013,Rabi,Wheat,7804.0,22079.0
West Bengal,24 paraganas north,2013,Kharif,Maize,129.0,333.0
West Bengal,24 paraganas north,2013,Kharif,Rice,70880.0,231275.0
West Bengal,24 paraganas north,2013,Whole year,Sugarcane,1781.0,178513.0
West Bengal,24 paraganas north,2013,Rabi,Rice,131943.0,391081.0
West Bengal,24 paraganas north,2014,Kharif,Urad,2655.0,2080.0
West Bengal,24 paraganas north,2014,Rabi,Maize,49.0,149.0
West Bengal,24 paraganas north,2014,Rabi,Urad,780.0,960.0
West Bengal,24 paraganas north,2014,Rabi,Wheat,8083.0,23857.0
West Bengal,24 paraganas north,2014,Kharif,Maize,132.0,343.0
West Bengal,24 paraganas north,2014,Kharif,Rice,70898.0,239229.0
West Bengal,24 paraganas north,2014,Whole year,Sugarcane,885.0,82334.0
West Bengal,24 paraganas north,2014,Rabi,Rice,139767.0,401623.0
West Bengal,24 paraganas south,2012,Kharif,Urad,70.0,47.0
West Bengal,24 paraganas south,2012,Rabi,Wheat,3388.0,9894.0
West Bengal,24 paraganas south,2012,Kharif,Maize,197.0,515.0
West Bengal,24 paraganas south,2012,Kharif,Rice,60283.0,181321.0
West Bengal,24 paraganas south,2012,Whole year,Sugarcane,74.0,7498.0
West Bengal,24 paraganas south,2012,Rabi,Rice,314185.0,714056.0
West Bengal,24 paraganas south,2013,Kharif,Urad,535.0,430.0
West Bengal,24 paraganas south,2013,Rabi,Wheat,3479.0,9881.0
West Bengal,24 paraganas south,2013,Kharif,Maize,237.0,483.0
West Bengal,24 paraganas south,2013,Kharif,Rice,72967.0,231508.0
West Bengal,24 paraganas south,2013,Whole year,Sugarcane,27.0,2706.0
West Bengal,24 paraganas south,2013,Rabi,Rice,316815.0,747982.0
West Bengal,24 paraganas south,2014,Kharif,Urad,600.0,470.0
West Bengal,24 paraganas south,2014,Rabi,Wheat,3868.0,11375.0
West Bengal,24 paraganas south,2014,Kharif,Maize,251.0,552.0
West Bengal,24 paraganas south,2014,Kharif,Rice,63392.0,211431.0
West Bengal,24 paraganas south,2014,Whole year,Sugarcane,26.0,2419.0
West Bengal,24 paraganas south,2014,Rabi,Rice,325501.0,794541.0
West Bengal,Bankura,2012,Kharif,Urad,33.0,9.0
West Bengal,Bankura,2012,Rabi,Maize,107.0,343.0
West Bengal,Bankura,2012,Rabi,Wheat,2691.0,6114.0
West Bengal,Bankura,2012,Kharif,Maize,204.0,664.0
West Bengal,Bankura,2012,Kharif,Rice,34831.0,113038.0
West Bengal,Bankura,2012,Whole year,Sugarcane,1.0,141.0
West Bengal,Bankura,2012,Rabi,Rice,322444.0,864752.0
West Bengal,Bankura,2013,Kharif,Urad,6.0,1.0
West Bengal,Bankura,2013,Rabi,Maize,43.0,143.0
West Bengal,Bankura,2013,Rabi,Wheat,3460.0,6954.0
West Bengal,Bankura,2013,Kharif,Maize,61.0,171.0
West Bengal,Bankura,2013,Kharif,Rice,40009.0,120562.0
West Bengal,Bankura,2013,Whole year,Sugarcane,1.0,125.0
West Bengal,Bankura,2013,Rabi,Rice,317884.0,874486.0
West Bengal,Bankura,2014,Kharif,Urad,5.0,1.0
West Bengal,Bankura,2014,Rabi,Maize,78.0,225.0
West Bengal,Bankura,2014,Rabi,Wheat,3554.0,9463.0
West Bengal,Bankura,2014,Kharif,Maize,148.0,474.0
West Bengal,Bankura,2014,Kharif,Rice,40185.0,120678.0
West Bengal,Bankura,2014,Whole year,Sugarcane,5.0,393.0
West Bengal,Bankura,2014,Rabi,Rice,294204.0,794716.0
West Bengal,Bardhaman,2012,Kharif,Urad,21.0,6.0
West Bengal,Bardhaman,2012,Rabi,Maize,301.0,685.0
West Bengal,Bardhaman,2012,Rabi,Wheat,2007.0,5748.0
West Bengal,Bardhaman,2012,Kharif,Maize,255.0,481.0
West Bengal,Bardhaman,2012,Kharif,Rice,163328.0,592495.0
West Bengal,Bardhaman,2012,Whole year,Sugarcane,1527.0,69515.0
West Bengal,Bardhaman,2012,Rabi,Rice,420798.0,1301195.0
West Bengal,Bardhaman,2013,Kharif,Urad,30.0,24.0
West Bengal,Bardhaman,2013,Rabi,Maize,293.0,665.0
West Bengal,Bardhaman,2013,Rabi,Wheat,1839.0,4948.0
West Bengal,Bardhaman,2013,Kharif,Maize,270.0,512.0
West Bengal,Bardhaman,2013,Kharif,Rice,176219.0,668407.0
West Bengal,Bardhaman,2013,Whole year,Sugarcane,1577.0,101564.0
West Bengal,Bardhaman,2013,Rabi,Rice,418616.0,1323049.0
West Bengal,Bardhaman,2014,Kharif,Urad,35.0,20.0
West Bengal,Bardhaman,2014,Rabi,Maize,286.0,647.0
West Bengal,Bardhaman,2014,Rabi,Urad,110.0,99.0
West Bengal,Bardhaman,2014,Rabi,Wheat,2687.0,7723.0
West Bengal,Bardhaman,2014,Kharif,Maize,276.0,555.0
West Bengal,Bardhaman,2014,Kharif,Rice,150267.0,490532.0
West Bengal,Bardhaman,2014,Whole year,Sugarcane,1440.0,113754.0
West Bengal,Bardhaman,2014,Rabi,Rice,419814.0,1361138.0
West Bengal,Birbhum,2012,Kharif,Urad,112.0,32.0
West Bengal,Birbhum,2012,Rabi,Maize,61.0,58.0
West Bengal,Birbhum,2012,Rabi,Wheat,32375.0,91686.0
West Bengal,Birbhum,2012,Kharif,Maize,31.0,50.0
West Bengal,Birbhum,2012,Kharif,Rice,57118.0,201202.0
West Bengal,Birbhum,2012,Whole year,Sugarcane,842.0,53838.0
West Bengal,Birbhum,2012,Rabi,Rice,312496.0,876823.0
West Bengal,Birbhum,2013,Kharif,Urad,49.0,10.0
West Bengal,Birbhum,2013,Rabi,Maize,9.0,8.0
West Bengal,Birbhum,2013,Rabi,Wheat,34576.0,99437.0
West Bengal,Birbhum,2013,Kharif,Maize,72.0,116.0
West Bengal,Birbhum,2013,Kharif,Rice,59586.0,203027.0
West Bengal,Birbhum,2013,Whole year,Sugarcane,756.0,50781.0
West Bengal,Birbhum,2013,Rabi,Rice,322256.0,1064745.0
West Bengal,Birbhum,2014,Kharif,Urad,135.0,37.0
West Bengal,Birbhum,2014,Rabi,Maize,35.0,33.0
West Bengal,Birbhum,2014,Rabi,Wheat,33475.0,95692.0
West Bengal,Birbhum,2014,Kharif,Maize,115.0,276.0
West Bengal,Birbhum,2014,Kharif,Rice,66581.0,225789.0
West Bengal,Birbhum,2014,Whole year,Sugarcane,717.0,60810.0
West Bengal,Birbhum,2014,Rabi,Rice,315561.0,1029374.0
West Bengal,Coochbehar,2012,Kharif,Urad,2345.0,912.0
West Bengal,Coochbehar,2012,Rabi,Maize,7100.0,46150.0
West Bengal,Coochbehar,2012,Rabi,Urad,3425.0,2644.0
West Bengal,Coochbehar,2012,Rabi,Wheat,10596.0,25908.0
West Bengal,Coochbehar,2012,Kharif,Maize,4388.0,26780.0
West Bengal,Coochbehar,2012,Kharif,Rice,53869.0,176821.0
West Bengal,Coochbehar,2012,Whole year,Sugarcane,760.0,79471.0
West Bengal,Coochbehar,2012,Rabi,Rice,219730.0,487072.0
West Bengal,Coochbehar,2013,Kharif,Urad,2332.0,771.0
West Bengal,Coochbehar,2013,Rabi,Maize,12750.0,82875.0
West Bengal,Coochbehar,2013,Rabi,Urad,1950.0,1560.0
West Bengal,Coochbehar,2013,Rabi,Wheat,11250.0,23178.0
West Bengal,Coochbehar,2013,Kharif,Maize,4393.0,26841.0
West Bengal,Coochbehar,2013,Kharif,Rice,56109.0,180652.0
West Bengal,Coochbehar,2013,Whole year,Sugarcane,735.0,75239.0
West Bengal,Coochbehar,2013,Rabi,Rice,212855.0,540216.0
West Bengal,Coochbehar,2014,Kharif,Urad,2548.0,1308.0
West Bengal,Coochbehar,2014,Rabi,Maize,12750.0,82875.0
West Bengal,Coochbehar,2014,Rabi,Urad,2438.0,1928.0
West Bengal,Coochbehar,2014,Rabi,Wheat,11386.0,26492.0
West Bengal,Coochbehar,2014,Kharif,Maize,4394.0,26847.0
West Bengal,Coochbehar,2014,Kharif,Rice,56294.0,197210.0
West Bengal,Coochbehar,2014,Whole year,Sugarcane,455.0,48692.0
West Bengal,Coochbehar,2014,Rabi,Rice,217046.0,515777.0
West Bengal,Darjeeling,2012,Kharif,Urad,216.0,172.0
West Bengal,Darjeeling,2012,Rabi,Maize,53.0,149.0
West Bengal,Darjeeling,2012,Rabi,Urad,220.0,115.0
West Bengal,Darjeeling,2012,Rabi,Wheat,1965.0,2307.0
West Bengal,Darjeeling,2012,Kharif,Maize,454.0,1433.0
West Bengal,Darjeeling,2012,Kharif,Rice,1630.0,3677.0
West Bengal,Darjeeling,2012,Whole year,Sugarcane,8.0,837.0
West Bengal,Darjeeling,2012,Rabi,Rice,27311.0,58903.0
West Bengal,Darjeeling,2013,Kharif,Urad,295.0,234.0
West Bengal,Darjeeling,2013,Rabi,Maize,54.0,156.0
West Bengal,Darjeeling,2013,Rabi,Urad,210.0,110.0
West Bengal,Darjeeling,2013,Rabi,Wheat,1995.0,2845.0
West Bengal,Darjeeling,2013,Kharif,Maize,1350.0,4523.0
West Bengal,Darjeeling,2013,Kharif,Rice,1638.0,3354.0
West Bengal,Darjeeling,2013,Whole year,Sugarcane,2.0,205.0
West Bengal,Darjeeling,2013,Rabi,Rice,27005.0,62125.0
West Bengal,Darjeeling,2014,Kharif,Urad,287.0,228.0
West Bengal,Darjeeling,2014,Rabi,Maize,55.0,164.0
West Bengal,Darjeeling,2014,Rabi,Urad,205.0,173.0
West Bengal,Darjeeling,2014,Rabi,Wheat,2055.0,2970.0
West Bengal,Darjeeling,2014,Kharif,Maize,1350.0,4523.0
West Bengal,Darjeeling,2014,Kharif,Rice,1516.0,3437.0
West Bengal,Darjeeling,2014,Whole year,Sugarcane,2.0,214.0
West Bengal,Darjeeling,2014,Rabi,Rice,27135.0,56945.0
West Bengal,Dinajpur uttar,2012,Kharif,Urad,1115.0,757.0
West Bengal,Dinajpur uttar,2012,Rabi,Maize,14000.0,73500.0
West Bengal,Dinajpur uttar,2012,Rabi,Urad,644.0,557.0
West Bengal,Dinajpur uttar,2012,Rabi,Wheat,37479.0,89324.0
West Bengal,Dinajpur uttar,2012,Kharif,Maize,20890.0,131294.0
West Bengal,Dinajpur uttar,2012,Kharif,Rice,49554.0,136650.0
West Bengal,Dinajpur uttar,2012,Whole year,Sugarcane,958.0,100176.0
West Bengal,Dinajpur uttar,2012,Rabi,Rice,177035.0,436691.0
West Bengal,Dinajpur uttar,2013,Kharif,Urad,2312.0,1711.0
West Bengal,Dinajpur uttar,2013,Rabi,Maize,20680.0,126458.0
West Bengal,Dinajpur uttar,2013,Rabi,Urad,370.0,157.0
West Bengal,Dinajpur uttar,2013,Rabi,Wheat,37724.0,96029.0
West Bengal,Dinajpur uttar,2013,Kharif,Maize,25900.0,155530.0
West Bengal,Dinajpur uttar,2013,Kharif,Rice,50081.0,128804.0
West Bengal,Dinajpur uttar,2013,Whole year,Sugarcane,13.0,1331.0
West Bengal,Dinajpur uttar,2013,Rabi,Rice,177121.0,424966.0
West Bengal,Dinajpur uttar,2014,Kharif,Urad,1263.0,916.0
West Bengal,Dinajpur uttar,2014,Rabi,Maize,24800.0,151280.0
West Bengal,Dinajpur uttar,2014,Rabi,Urad,533.0,363.0
West Bengal,Dinajpur uttar,2014,Rabi,Wheat,38512.0,89624.0
West Bengal,Dinajpur uttar,2014,Kharif,Maize,25900.0,158767.0
West Bengal,Dinajpur uttar,2014,Kharif,Rice,37599.0,131609.0
West Bengal,Dinajpur uttar,2014,Whole year,Sugarcane,425.0,45481.0
West Bengal,Dinajpur uttar,2014,Rabi,Rice,179862.0,466273.0
West Bengal,Hooghly,2012,Kharif,Urad,3.0,1.0
West Bengal,Hooghly,2012,Rabi,Urad,15.0,11.0
West Bengal,Hooghly,2012,Rabi,Wheat,99.0,252.0
West Bengal,Hooghly,2012,Kharif,Maize,220.0,443.0
West Bengal,Hooghly,2012,Kharif,Rice,82707.0,255782.0
West Bengal,Hooghly,2012,Whole year,Sugarcane,1.0,141.0
West Bengal,Hooghly,2012,Rabi,Rice,184654.0,522117.0
West Bengal,Hooghly,2013,Rabi,Wheat,83.0,189.0
West Bengal,Hooghly,2013,Kharif,Maize,240.0,484.0
West Bengal,Hooghly,2013,Kharif,Rice,84241.0,248238.0
West Bengal,Hooghly,2013,Whole year,Sugarcane,831.0,126522.0
West Bengal,Hooghly,2013,Rabi,Rice,195988.0,545151.0
West Bengal,Hooghly,2014,Rabi,Urad,9.0,7.0
West Bengal,Hooghly,2014,Rabi,Wheat,203.0,493.0
West Bengal,Hooghly,2014,Kharif,Maize,225.0,455.0
West Bengal,Hooghly,2014,Kharif,Rice,79654.0,261105.0
West Bengal,Hooghly,2014,Whole year,Sugarcane,830.0,149289.0
West Bengal,Hooghly,2014,Rabi,Rice,190221.0,580845.0
West Bengal,Jalpaiguri,2012,Kharif,Urad,1346.0,672.0
West Bengal,Jalpaiguri,2012,Rabi,Maize,550.0,4180.0
West Bengal,Jalpaiguri,2012,Rabi,Urad,569.0,371.0
West Bengal,Jalpaiguri,2012,Rabi,Wheat,17414.0,38889.0
West Bengal,Jalpaiguri,2012,Kharif,Maize,8551.0,22729.0
West Bengal,Jalpaiguri,2012,Kharif,Rice,19013.0,54174.0
West Bengal,Jalpaiguri,2012,Whole year,Sugarcane,121.0,12653.0
West Bengal,Jalpaiguri,2012,Rabi,Rice,179979.0,383707.0
West Bengal,Jalpaiguri,2013,Kharif,Urad,1232.0,679.0
West Bengal,Jalpaiguri,2013,Rabi,Maize,450.0,2301.0
West Bengal,Jalpaiguri,2013,Rabi,Urad,480.0,324.0
West Bengal,Jalpaiguri,2013,Rabi,Wheat,17241.0,39902.0
West Bengal,Jalpaiguri,2013,Kharif,Maize,8763.0,24878.0
West Bengal,Jalpaiguri,2013,Kharif,Rice,20126.0,44767.0
West Bengal,Jalpaiguri,2013,Whole year,Sugarcane,170.0,17402.0
West Bengal,Jalpaiguri,2013,Rabi,Rice,180097.0,420708.0
West Bengal,Jalpaiguri,2014,Kharif,Urad,1184.0,728.0
West Bengal,Jalpaiguri,2014,Rabi,Maize,615.0,2731.0
West Bengal,Jalpaiguri,2014,Rabi,Urad,278.0,377.0
West Bengal,Jalpaiguri,2014,Rabi,Wheat,16823.0,37758.0
West Bengal,Jalpaiguri,2014,Kharif,Maize,9252.0,25924.0
West Bengal,Jalpaiguri,2014,Kharif,Rice,22779.0,59187.0
West Bengal,Jalpaiguri,2014,Whole year,Sugarcane,250.0,26754.0
West Bengal,Jalpaiguri,2014,Rabi,Rice,176420.0,433939.0
West Bengal,Maldah,2012,Kharif,Urad,10868.0,10640.0
West Bengal,Maldah,2012,Rabi,Maize,7541.0,18777.0
West Bengal,Maldah,2012,Rabi,Wheat,44953.0,125127.0
West Bengal,Maldah,2012,Kharif,Maize,8630.0,6559.0
West Bengal,Maldah,2012,Kharif,Rice,58858.0,226440.0
West Bengal,Maldah,2012,Whole year,Sugarcane,2070.0,216455.0
West Bengal,Maldah,2012,Rabi,Rice,145630.0,412606.0
West Bengal,Maldah,2013,Kharif,Urad,10966.0,10211.0
West Bengal,Maldah,2013,Rabi,Maize,7411.0,18453.0
West Bengal,Maldah,2013,Rabi,Wheat,44731.0,131682.0
West Bengal,Maldah,2013,Kharif,Maize,4599.0,8131.0
West Bengal,Maldah,2013,Kharif,Rice,60025.0,236217.0
West Bengal,Maldah,2013,Whole year,Sugarcane,2053.0,210157.0
West Bengal,Maldah,2013,Rabi,Rice,135629.0,462095.0
West Bengal,Maldah,2014,Kharif,Urad,11457.0,10569.0
West Bengal,Maldah,2014,Rabi,Maize,4927.0,12318.0
West Bengal,Maldah,2014,Rabi,Wheat,44401.0,125945.0
West Bengal,Maldah,2014,Kharif,Maize,6615.0,7396.0
West Bengal,Maldah,2014,Kharif,Rice,59802.0,243374.0
West Bengal,Maldah,2014,Whole year,Sugarcane,1945.0,208143.0
West Bengal,Maldah,2014,Rabi,Rice,141455.0,457341.0
West Bengal,Medinipur west,2012,Kharif,Urad,73.0,21.0
West Bengal,Medinipur west,2012,Rabi,Maize,581.0,1336.0
West Bengal,Medinipur west,2012,Rabi,Urad,940.0,790.0
West Bengal,Medinipur west,2012,Rabi,Wheat,5877.0,11054.0
West Bengal,Medinipur west,2012,Kharif,Maize,558.0,1660.0
West Bengal,Medinipur west,2012,Kharif,Rice,167853.0,478464.0
West Bengal,Medinipur west,2012,Whole year,Sugarcane,3155.0,503642.0
West Bengal,Medinipur west,2012,Rabi,Rice,486172.0,1315911.0
West Bengal,Medinipur west,2013,Kharif,Urad,9.0,2.0
West Bengal,Medinipur west,2013,Rabi,Maize,457.0,1097.0
West Bengal,Medinipur west,2013,Rabi,Urad,455.0,378.0
West Bengal,Medinipur west,2013,Rabi,Wheat,4607.0,10865.0
West Bengal,Medinipur west,2013,Kharif,Maize,1414.0,5373.0
West Bengal,Medinipur west,2013,Kharif,Rice,176270.0,601882.0
West Bengal,Medinipur west,2013,Whole year,Sugarcane,3210.0,708183.0
West Bengal,Medinipur west,2013,Rabi,Rice,502667.0,1053375.0
West Bengal,Medinipur west,2014,Kharif,Urad,65.0,18.0
West Bengal,Medinipur west,2014,Rabi,Maize,457.0,1097.0
West Bengal,Medinipur west,2014,Rabi,Urad,778.0,653.0
West Bengal,Medinipur west,2014,Rabi,Wheat,5769.0,12259.0
West Bengal,Medinipur west,2014,Kharif,Maize,1037.0,2344.0
West Bengal,Medinipur west,2014,Kharif,Rice,195960.0,580442.0
West Bengal,Medinipur west,2014,Whole year,Sugarcane,4390.0,789614.0
West Bengal,Medinipur west,2014,Rabi,Rice,496134.0,1348329.0
West Bengal,Murshidabad,2012,Kharif,Urad,9412.0,6112.0
West Bengal,Murshidabad,2012,Rabi,Maize,2914.0,11029.0
West Bengal,Murshidabad,2012,Rabi,Urad,2774.0,2943.0
West Bengal,Murshidabad,2012,Rabi,Wheat,99243.0,285342.0
West Bengal,Murshidabad,2012,Kharif,Maize,1505.0,6949.0
West Bengal,Murshidabad,2012,Kharif,Rice,114063.0,392066.0
West Bengal,Murshidabad,2012,Whole year,Sugarcane,3708.0,302375.0
West Bengal,Murshidabad,2012,Rabi,Rice,226641.0,554681.0
West Bengal,Murshidabad,2013,Kharif,Urad,14039.0,11272.0
West Bengal,Murshidabad,2013,Rabi,Maize,4072.0,18601.0
West Bengal,Murshidabad,2013,Rabi,Urad,5315.0,5517.0
West Bengal,Murshidabad,2013,Rabi,Wheat,104316.0,288334.0
West Bengal,Murshidabad,2013,Kharif,Maize,1423.0,6923.0
West Bengal,Murshidabad,2013,Kharif,Rice,119769.0,411888.0
West Bengal,Murshidabad,2013,Whole year,Sugarcane,3781.0,271620.0
West Bengal,Murshidabad,2013,Rabi,Rice,219346.0,674772.0
West Bengal,Murshidabad,2014,Kharif,Urad,15048.0,11443.0
West Bengal,Murshidabad,2014,Rabi,Maize,4291.0,19786.0
West Bengal,Murshidabad,2014,Rabi,Urad,4045.0,4231.0
West Bengal,Murshidabad,2014,Rabi,Wheat,104907.0,300497.0
West Bengal,Murshidabad,2014,Kharif,Maize,1457.0,6782.0
West Bengal,Murshidabad,2014,Kharif,Rice,126504.0,457147.0
West Bengal,Murshidabad,2014,Whole year,Sugarcane,4278.0,312958.0
West Bengal,Murshidabad,2014,Rabi,Rice,222718.0,686341.0
West Bengal,Nadia,2012,Kharif,Urad,13362.0,10317.0
West Bengal,Nadia,2012,Rabi,Maize,445.0,1099.0
West Bengal,Nadia,2012,Rabi,Urad,405.0,334.0
West Bengal,Nadia,2012,Rabi,Wheat,41720.0,138497.0
West Bengal,Nadia,2012,Kharif,Maize,1780.0,4694.0
West Bengal,Nadia,2012,Kharif,Rice,95233.0,357653.0
West Bengal,Nadia,2012,Whole year,Sugarcane,1803.0,182686.0
West Bengal,Nadia,2012,Rabi,Rice,90144.0,205511.0
West Bengal,Nadia,2013,Kharif,Urad,12384.0,9591.0
West Bengal,Nadia,2013,Rabi,Maize,605.0,1513.0
West Bengal,Nadia,2013,Rabi,Urad,330.0,271.0
West Bengal,Nadia,2013,Rabi,Wheat,44269.0,149020.0
West Bengal,Nadia,2013,Kharif,Maize,1786.0,4760.0
West Bengal,Nadia,2013,Kharif,Rice,94331.0,351024.0
West Bengal,Nadia,2013,Whole year,Sugarcane,1923.0,192746.0
West Bengal,Nadia,2013,Rabi,Rice,97006.0,268862.0
West Bengal,Nadia,2014,Kharif,Urad,13856.0,10759.0
West Bengal,Nadia,2014,Rabi,Maize,2750.0,6919.0
West Bengal,Nadia,2014,Rabi,Urad,642.0,529.0
West Bengal,Nadia,2014,Rabi,Wheat,43551.0,148327.0
West Bengal,Nadia,2014,Kharif,Maize,1750.0,4531.0
West Bengal,Nadia,2014,Kharif,Rice,98286.0,374824.0
West Bengal,Nadia,2014,Whole year,Sugarcane,1754.0,248215.0
West Bengal,Nadia,2014,Rabi,Rice,94963.0,273137.0
West Bengal,Purulia,2012,Kharif,Urad,9258.0,2910.0
West Bengal,Purulia,2012,Rabi,Urad,259.0,133.0
West Bengal,Purulia,2012,Rabi,Wheat,1648.0,3310.0
West Bengal,Purulia,2012,Kharif,Maize,290.0,476.0
West Bengal,Purulia,2012,Kharif,Rice,280.0,872.0
West Bengal,Purulia,2012,Whole year,Sugarcane,314.0,11199.0
West Bengal,Purulia,2012,Rabi,Rice,288735.0,729553.0
West Bengal,Purulia,2013,Kharif,Urad,12986.0,2877.0
West Bengal,Purulia,2013,Rabi,Wheat,1187.0,2675.0
West Bengal,Purulia,2013,Kharif,Maize,325.0,522.0
West Bengal,Purulia,2013,Kharif,Rice,516.0,1274.0
West Bengal,Purulia,2013,Whole year,Sugarcane,161.0,7948.0
West Bengal,Purulia,2013,Rabi,Rice,302274.0,730136.0
West Bengal,Purulia,2014,Kharif,Urad,11493.0,3287.0
West Bengal,Purulia,2014,Rabi,Urad,220.0,113.0
West Bengal,Purulia,2014,Rabi,Wheat,1622.0,3663.0
West Bengal,Purulia,2014,Kharif,Maize,325.0,2039.0
West Bengal,Purulia,2014,Kharif,Rice,306.0,801.0
West Bengal,Purulia,2014,Whole year,Sugarcane,324.0,16250.0
West Bengal,Purulia,2014,Rabi,Rice,279151.0,597899.0
